id,title,score,num_comments,author,created_utc,url,over_18,edited,spoiler,stickied
1gn7d8b,How to Benefit from Lean Data Quality?,274,24,Murky-Molasses-5505,2024-11-09 10:35:56,https://i.redd.it/fhm25s6gtuzd1.jpeg,False,False,False,False
1gnipx1,"Tired of paying Fivetran, what are reliable production-ready alternatives?",21,31,IdoNisso,2024-11-09 20:08:36,https://www.reddit.com/r/dataengineering/comments/1gnipx1/tired_of_paying_fivetran_what_are_reliable/,False,False,False,False
1gnbzkx,Data Engineer,15,30,papajahat94,2024-11-09 15:03:31,https://www.reddit.com/r/dataengineering/comments/1gnbzkx/data_engineer/,False,False,False,False
1gn67qw,Books to Buy ,13,4,Rude-Veterinarian-45,2024-11-09 09:09:48,https://www.reddit.com/r/dataengineering/comments/1gn67qw/books_to_buy/,False,False,False,False
1gn6iqs,Is setting up spark locally on window's to start learning it is not recommended?,13,18,Dead-Shot1,2024-11-09 09:32:15,https://www.reddit.com/r/dataengineering/comments/1gn6iqs/is_setting_up_spark_locally_on_windows_to_start/,False,False,False,False
1gn6x0p,Proper database instead of redshift for highly concurrent read heavy micro service,6,26,Purple_Wrap9596,2024-11-09 10:02:43,https://www.reddit.com/r/dataengineering/comments/1gn6x0p/proper_database_instead_of_redshift_for_highly/,False,False,False,False
1gmzx17,Looking for advice to find motivation in current job,9,2,irfan_ansari,2024-11-09 02:27:28,https://www.reddit.com/r/dataengineering/comments/1gmzx17/looking_for_advice_to_find_motivation_in_current/,False,False,False,False
1gmy2u3,Snowflake reading trino iceberg tables? (Gluedb),4,9,Foodwithfloyd,2024-11-09 00:53:41,https://www.reddit.com/r/dataengineering/comments/1gmy2u3/snowflake_reading_trino_iceberg_tables_gluedb/,False,False,False,False
1gni1g4,Using DuckDB in a Web Application to run on top of Postgres - help out a duckdb newbie,6,5,boggle_thy_mind,2024-11-09 19:37:42,https://www.reddit.com/r/dataengineering/comments/1gni1g4/using_duckdb_in_a_web_application_to_run_on_top/,False,False,False,False
1gnervi,Bronze layer and full table loads,7,6,khalid_amin,2024-11-09 17:11:03,https://www.reddit.com/r/dataengineering/comments/1gnervi/bronze_layer_and_full_table_loads/,False,False,False,False
1gn1zo4,BI tools to work with Dataform,3,1,Correct-Quality-5416,2024-11-09 04:24:10,https://www.reddit.com/r/dataengineering/comments/1gn1zo4/bi_tools_to_work_with_dataform/,False,False,False,False
1gmumku,Advice on data lake/warehouse set up,2,5,timleeclark,2024-11-08 22:12:42,https://www.reddit.com/r/dataengineering/comments/1gmumku/advice_on_data_lakewarehouse_set_up/,False,False,False,False
1gncnyv,How can I make the switch from SE to DE,1,1,ibbthebib,2024-11-09 15:35:04,https://www.reddit.com/r/dataengineering/comments/1gncnyv/how_can_i_make_the_switch_from_se_to_de/,False,False,False,False
1gncsrr,Age and career shift ,0,14,Tayvodenn18,2024-11-09 15:41:18,https://www.reddit.com/r/dataengineering/comments/1gncsrr/age_and_career_shift/,False,False,False,False
1gn7dks,How to Benefit from Lean Data Quality?,0,0,Murky-Molasses-5505,2024-11-09 10:36:37,https://medium.com/data-engineer-things/how-to-benefit-from-lean-data-quality-49458fb49f05,False,False,False,False
1gnchhh,Is DE a “respectable” title?,0,16,eastieLad,2024-11-09 15:26:47,https://www.reddit.com/r/dataengineering/comments/1gnchhh/is_de_a_respectable_title/,False,False,False,False
